<?xml version="1.0" encoding="UTF-8" standalone="yes"?>
<projectConfiguration>
    <configVersion>2</configVersion>
    <relativeTo>WORKSPACE</relativeTo>
    <variable name="${CommonLibraryPath}" value="ResourcesAndLibraries.robot"/>
    <referencedLibrary type="PYTHON" name="SeleniumCommon" path="Git/Utility/SeleniumCommon.py" dynamic="false"/>
    <referencedLibrary type="PYTHON" name="SeleniumLibrary" path="C:/Users/sangram.jadhav01/AppData/Local/Programs/Python/Python38-32/Lib/site-packages/SeleniumLibrary/__init__.py" dynamic="false"/>
    <referencedLibrary type="PYTHON" name="AppiumLibrary" path="C:/Users/sangram.jadhav01/AppData/Local/Programs/Python/Python38-32/Lib/site-packages/AppiumLibrary/__init__.py" dynamic="false"/>
    <referencedLibrary type="PYTHON" name="SikuliLibrary" path="C:/Users/sangram.jadhav01/AppData/Local/Programs/Python/Python38-32/Lib/site-packages/SikuliLibrary/__init__.py" dynamic="false"/>
    <pythonpath/>
    <classpath/>
    <excludedForValidation/>
    <isValidatedFileSizeCheckingEnabled>true</isValidatedFileSizeCheckingEnabled>
    <validatedFileMaxSize>1024</validatedFileMaxSize>
</projectConfiguration>
